,Cont_Cont_mean_conn,Cont_Default_mean_conn,Cont_DorsAttn_mean_conn,Cont_Limbic_mean_conn,Cont_SalVentAttn_mean_conn,Cont_SomMot_mean_conn,Cont_Vis_mean_conn,Default_Default_mean_conn,Default_DorsAttn_mean_conn,Default_Limbic_mean_conn,Default_SalVentAttn_mean_conn,Default_SomMot_mean_conn,Default_Vis_mean_conn,DorsAttn_DorsAttn_mean_conn,DorsAttn_Limbic_mean_conn,DorsAttn_SalVentAttn_mean_conn,DorsAttn_SomMot_mean_conn,DorsAttn_Vis_mean_conn,Limbic_Limbic_mean_conn,Limbic_SalVentAttn_mean_conn,Limbic_SomMot_mean_conn,Limbic_Vis_mean_conn,SalVentAttn_SalVentAttn_mean_conn,SalVentAttn_SomMot_mean_conn,SalVentAttn_Vis_mean_conn,SomMot_SomMot_mean_conn,SomMot_Vis_mean_conn,Vis_Vis_mean_conn,group
0,0.7814942695350704,0.524629857258776,0.6316912612578003,0.665657312682652,0.5925160525429902,0.49229860122471836,0.4014284616349378,0.6179098151405884,0.5279261632737523,0.5754129393083962,0.5758255159459168,0.5405060589005991,0.5802998970779583,0.765866528796726,0.627275071869969,0.6282390872816701,0.5743210024474136,0.4685941247395007,0.7426924166971204,0.7261660506580545,0.5636292001454343,0.5252279627350138,0.8625963553351294,0.5683286070415244,0.5527201891635659,0.5642336426393435,0.5483368991864176,0.6361840317167152,0.0
1,0.7310467452485512,0.44789043594857864,0.5323412508402589,0.6771023952203171,0.6098101337084618,0.38270321577808336,0.3207827716204024,0.4690738231370965,0.41538185266444017,0.4652371107003963,0.4604757431583202,0.3926669873286615,0.42460604314928546,0.6227898997366976,0.5573132781906166,0.5591314167512152,0.4030897620564864,0.34516368535752745,0.7050666054061134,0.6488488570806147,0.43228591776958053,0.3863430083401628,0.7092954671996036,0.4110291901887028,0.39758739368567153,0.42692079238797787,0.43604600081978107,0.5142084044761371,0.0
2,0.5275390653026315,0.16572132324946517,0.28965579626278487,0.28379527527711396,0.1674368185133681,0.13662598651468486,0.05162175547965721,0.17773702570186495,0.14629046543861252,0.12855345189583148,0.14519509732300107,0.1525090221082069,0.15594709296269813,0.32521372230669077,0.2027418327802564,0.1698438518570872,0.17912424906496854,0.10946303295618712,0.3622320541346078,0.4021213545525436,0.1109679472217368,0.10828457822345332,0.6752112881635765,0.09562843555434256,0.18248716754769229,0.21072522284732545,0.17719753688857706,0.2376047811908961,0.0
3,0.7606477671219432,0.598677650742912,0.6628649946756798,0.6679918640679191,0.7415857107408383,0.5379839790452052,0.5116423755402089,0.616621565888851,0.5866989356419767,0.5813280849652792,0.6713255312994338,0.5503641740603384,0.5812809534249772,0.7449311135197695,0.6403062563809151,0.7412481484437601,0.5604187106662762,0.5059852582650931,0.7937079050983897,0.8396232375695248,0.5339592692813521,0.5157097718286717,1.0881894842158706,0.6013884803373205,0.6044055802923858,0.5519585571663969,0.5608768632512684,0.6443441379622923,0.0
4,0.7569019851433347,0.3814538784947627,0.4464990960723908,0.548926705484602,0.5527537559437596,0.315992870130851,0.27803405442178786,0.3942757330759408,0.2931576882074744,0.361693964138982,0.4313812762988448,0.29435421209866397,0.33056869222510266,0.5207189715988918,0.4380094943100178,0.45097931097343297,0.31054579585112113,0.2657050687490431,0.5566581715210503,0.5588197041253306,0.327873154169631,0.2896049905438421,0.7920624198021223,0.39989887104883776,0.41391543113473933,0.2994953564389267,0.299929960735249,0.36327316108376306,0.0
5,0.6514164972498467,0.4451524574149782,0.520497226938749,0.543307923163588,0.5807354655412514,0.4217044359726836,0.3617410124415223,0.5551654946163678,0.5060002844452783,0.44851860723630305,0.5538648682952189,0.4881025279295304,0.5320584454961765,0.6558804058701821,0.5295781049243418,0.6124368235844344,0.5247371153784761,0.4888978863959375,0.590175191017544,0.6134776335411686,0.45322141962802315,0.41713586653903145,0.8218403297302767,0.5160833664179741,0.5293703037269605,0.5103755837950369,0.5008372344670969,0.5763865128824655,0.0
6,0.6999886058287695,0.40759151913104,0.45720170316563574,0.5874788919811939,0.5638932430637519,0.3340988162559321,0.2950080449577839,0.46587320318233927,0.46117163029276803,0.4172666116621443,0.45246895415228566,0.42019920831983837,0.43927066394552067,0.5991421546921535,0.47607726856487237,0.513546120879466,0.4649054010048651,0.4470509275319455,0.6464307511045185,0.6203056360594709,0.37029033990247523,0.33736201387033965,0.789329747622882,0.39210717698749753,0.40394165072642196,0.45175160286946214,0.4565031620758837,0.5244471575614162,0.0
7,0.5672445753129507,0.4047969288006073,0.4847587873521444,0.38494594317609654,0.27598714875940805,0.24781237701604544,0.21010704469454147,0.5019301784890913,0.47162340124926583,0.23475973401154043,0.28705905681503724,0.2949787866010724,0.36204378858743846,0.6017375798240621,0.2967243945724991,0.2746419028646984,0.30964752321277805,0.29190783425331407,0.43756840794452667,0.35773394696358035,0.1806893071168973,0.1279323194964298,0.5682585526829982,0.209832525282716,0.23755579029743115,0.30025699250418214,0.2910159922411553,0.38068497497653825,0.0
8,0.6601893004870054,0.4243899322493473,0.5265722554131015,0.6306606624482224,0.5392621881676463,0.3867190921479624,0.3197387816566304,0.608592269307964,0.4945038668537581,0.5419491227233195,0.6091120679903607,0.5230457484336652,0.5407441497596526,0.6892587467951582,0.6442974918500436,0.6565642163923072,0.5158936457073189,0.4363153379040882,0.7699119769143178,0.7234868736562673,0.5101137888073921,0.44745239314660307,0.9585555829216674,0.5754040105941624,0.5787745885357661,0.5191084408500583,0.49820833399175374,0.5457254352823712,0.0
9,0.583005356758237,0.3571406416307102,0.4239855932263704,0.5048651456893356,0.4568401942380405,0.31249809551064434,0.22197303558035755,0.5607410877377916,0.49846837709202685,0.4408595850833692,0.517088919626552,0.46203668943250603,0.5038887720009603,0.6361646383089127,0.47269343177824963,0.537721007693793,0.4638206127588016,0.4200675229831966,0.608543495505991,0.5738409396528823,0.40168342108001487,0.3412298902090513,0.7397219708273063,0.4222256095756701,0.42837528246880896,0.49334475764791375,0.4674738192993794,0.5665862887988591,0.0
10,0.8354781955796943,0.39471516042500554,0.40560423449513294,0.6475870253489947,0.565513800202363,0.2690416190368572,0.13526479333870192,0.39365876545279,0.3748717235324743,0.4047899249925863,0.4045856018540331,0.30788629358653935,0.2809114079824146,0.5221582992983347,0.46036403007990434,0.45173654410463854,0.33565234628214985,0.2575295738366624,0.6998839280753253,0.6135985483977612,0.30605220299719127,0.21263599508079917,0.7066445893477391,0.3113739849896723,0.2578982198877802,0.3598510194337268,0.3421728536560245,0.4137090340868604,0.0
11,0.39641715848019293,0.1800883482361214,0.15467141252792366,0.16177959908372963,0.13141658154774244,0.10177132062551954,0.04034709315250564,0.26357585412667506,0.16814627962520337,0.08075896929997507,0.10046473349504004,0.2005781902458023,0.22197788677080615,0.2717121831102266,0.1079567400516245,0.1186331146595725,0.21708417886965015,0.16843563264576442,0.19276623663529116,0.16740258312073814,0.08878911446606054,0.06659526274447927,0.3183246973561462,0.14036104598855073,0.15403164562964833,0.3005556333418607,0.2874275933125951,0.3488075947809044,0.0
12,0.6491823218479073,0.33952720206228915,0.34546545596754114,0.4018424298733224,0.3166835270543287,0.2535380206477082,0.24653744371778757,0.3455468867994553,0.3494039463936523,0.2392608837466075,0.2824263038832087,0.3151077278774908,0.31948893523684924,0.6191955091982698,0.3217393012645372,0.4059289490731743,0.4584601138090853,0.42848749827818094,0.46138697122612893,0.3756536128445299,0.25502371125128537,0.24228464847640155,0.5493217707866548,0.3277381588344517,0.329117054865485,0.43049904184072857,0.4064506848868768,0.43393586141869384,0.0
13,0.5741121927009245,0.2813681510702139,0.3997082581539338,0.437584350277452,0.41813063162885455,0.23987770420172042,0.15292505667836367,0.38242265648607393,0.3731935992940978,0.29641984595541876,0.292993318119178,0.3339561392039705,0.3474264989093917,0.6114144269377026,0.39922755787826414,0.4172501620743029,0.4208162391107016,0.367927105231937,0.47640064971709983,0.4771837097837172,0.3032856156275932,0.26059664948982975,0.5986880360034065,0.31610205940398634,0.306773968626007,0.4016693704635911,0.4003758559206852,0.46815140797392923,0.0
14,0.8105951836511931,0.6579959164271532,0.6656238296508539,0.7082874630837286,0.6722150198416365,0.577718815954856,0.5542188309130811,0.7098741878671123,0.6568437902991361,0.5968164671691152,0.6542233934661151,0.5983449651744039,0.6542435296751775,0.7673966259781617,0.6094134473072638,0.6810346010966278,0.5930405180035275,0.5954183565305382,0.7058762178460942,0.6385604065469356,0.5560114723769245,0.5403859999829081,0.8432983695470939,0.5769526185923525,0.6427826345059933,0.617565680602253,0.6203166187856392,0.7127214655041436,0.0
15,0.5489180382120545,0.22738595592725633,0.3039364697203665,0.4067037361634042,0.35804794732508094,0.17241616988510197,0.09838362920837179,0.3033933618043999,0.3038690392535425,0.2652959285053691,0.2285717400652239,0.2593094665966554,0.2772994644439485,0.5209157305356197,0.37733495348795054,0.391941057440229,0.3354545541603799,0.2791437452112115,0.480795890749035,0.44879268660768795,0.27822548417555026,0.2411223564244,0.644550372550436,0.22551764958302373,0.2031474845105296,0.34490433509152413,0.33145877948656594,0.3908058695944533,0.0
16,0.3688186190150988,0.09310727994914857,0.1724949639601817,0.25886424836920374,0.18062948062025005,-0.00019860338624806822,-0.0514717092854046,0.1817577754695486,0.07970595847231264,0.05950124367003473,0.04317505810741521,0.06861012440553424,0.10229555795942648,0.34536818107741185,0.17694016517078523,0.18614801792084648,0.14493208839740365,0.09381126288974746,0.32097265075888043,0.2836056281567655,0.051269654962902665,-0.0037011148339744413,0.4678005194393605,0.06471319384396042,0.0432485463735631,0.18592905114006544,0.15876279330194104,0.22000818907907807,0.0
17,0.6474485722090596,0.46632382040710363,0.5593394364587914,0.5326808856118636,0.4795463515528536,0.3856723439270522,0.35532694548158866,0.45151450193246767,0.47297511439177087,0.44542947085714635,0.4289563262020699,0.34762315389024034,0.3550942234166825,0.7126359323344438,0.5288605538557677,0.4848711462893884,0.43675691977139397,0.39245450120839565,0.5620505934911266,0.48145057441627975,0.369738396205928,0.3540522856156618,0.5782673892601102,0.3588645789872977,0.3707474234605562,0.3714532363394416,0.3418724823108065,0.3589670039492633,0.0
18,0.6114400194770913,0.298370215355061,0.43512128895918134,0.4273737705453375,0.3518070120184629,0.3160935788908159,0.17636972132181514,0.3342280962930004,0.33130224803903785,0.24500306946132383,0.30611834585357534,0.316988106977446,0.30112930801040855,0.6045120245342819,0.3206876598214771,0.3735912914240965,0.3930947802078394,0.28432973017893,0.49730667763518027,0.4202111643926542,0.2585033539836071,0.18287037616743446,0.5448588925980044,0.31274216078051964,0.2756570974914318,0.4089508303459268,0.338088764233284,0.3540206322437198,0.0
19,0.6153185135842825,0.3805513222476604,0.49397711153678003,0.558010674891762,0.5571704181758287,0.40947010073111945,0.4035387836606354,0.36570878910240057,0.35413907348443097,0.37731009689089157,0.35970740055957173,0.3446136939329736,0.3841935527980879,0.5250374417995438,0.48827897295457684,0.4833135370225803,0.38877534903915195,0.3844085517498792,0.6041186283422603,0.5904073544747485,0.4404186790911502,0.4325773836312041,0.7549440555701032,0.411088529512064,0.42956177410448443,0.4309828677907659,0.4425607164245638,0.5020252768348101,0.0
20,0.4832760498003753,0.17221149110002004,0.22399084324123653,0.46626382151420925,0.32798897703400753,0.127509827292986,0.03982081864007425,0.27885518492186606,0.20962890032784845,0.16692356244316983,0.18366641080929974,0.20614884914983314,0.24026544089884724,0.35729543914933853,0.26575505862327414,0.2903724596977818,0.25203352673625423,0.21313222501354506,0.5819659736387152,0.4065427903713803,0.16678844081353358,0.08847689976997822,0.49487451561646917,0.20663035380444653,0.1697494807922425,0.27793870854386543,0.2675454486087856,0.33582971215572743,0.0
21,0.5944374856022442,0.4144378381227919,0.49144620440041836,0.5049109911207076,0.5088791020548541,0.34426405653703573,0.2989655139141872,0.5616242768950522,0.49766476443933183,0.5024545242446751,0.5812595870673186,0.4449128482796763,0.5060199422860981,0.646270831010563,0.5257712736322172,0.6622193293701024,0.45995825288099945,0.45206697749435776,0.6416016761335004,0.6634382614911224,0.45188451664380036,0.4660521346936561,0.8981684600571656,0.5165096964085735,0.5721905403816571,0.44781712149539804,0.47266366095373213,0.579480342619422,0.0
22,0.3323551482635161,0.06969465986417336,0.07177021050748725,0.1630215671361328,0.10413133978451768,0.023995101620411782,-0.045089308242246155,0.2582022623461109,0.1400120540098663,0.13731183205561695,0.15845197752963286,0.1612868720042475,0.23422033584809793,0.3040270324341834,0.11281762281418875,0.1268725608848219,0.1627348573288387,0.13207664970356087,0.22181856025642155,0.17693240478645395,0.11277151107064706,0.10783561737355794,0.3891642641858641,0.10961238407156045,0.17757775449656976,0.194173245467265,0.20714692270060472,0.3420087562846359,0.0
23,0.6982841081395643,0.30063559236804227,0.48426914937143245,0.6404068934809375,0.6209451442623849,0.33188257426427104,0.2544750194405626,0.35196087305576573,0.3017819881986611,0.2738164982340622,0.3423722611583359,0.2710283542540179,0.27776187633672855,0.6519608318588114,0.5057219652005005,0.5794567301243847,0.4323159120450057,0.29422252970987844,0.719497145996242,0.6488876366609292,0.362775042955633,0.25966848373896395,0.7854051560121363,0.4223796541818297,0.3510365179918829,0.3827638515690503,0.30371458282881386,0.32250847924727283,0.0
24,0.6353121695469865,0.2743935784766699,0.3965979451060243,0.35317174297955245,0.3706222501867214,0.19935044703709723,0.16331569211778627,0.3069436040620048,0.28712697490320027,0.25685884542995446,0.3198666832837784,0.24599065197521414,0.2805485599818809,0.4766180008143725,0.31778907932258943,0.4314202701707444,0.2752310042889978,0.25555838170227574,0.3482012737354588,0.3812834491642059,0.24270979000573242,0.23578480172587477,0.6494016647299954,0.31739703614803294,0.3193970160716549,0.3084650926985617,0.3159874856192341,0.3730911989860555,0.0
25,0.4954322751232133,0.24502273095752472,0.34467977751705686,0.3721842145438415,0.3369648618390039,0.21038000080874197,0.16674727540190806,0.38186079656754723,0.3077160210630472,0.27087908835560276,0.29819952754508844,0.29294579265819093,0.34004439964813377,0.4494593558384108,0.3470979182738763,0.35581489933168076,0.2912286378011189,0.26133406913473894,0.4351952801176632,0.4298180933640597,0.2551282841666623,0.24013075789147637,0.6389076123164379,0.30320748624136784,0.3214876891733741,0.30776320209350044,0.31186543159381075,0.3936676593105496,0.0
26,0.7607920855250377,0.5809459750701246,0.6578657488409851,0.7261081921764743,0.6781671220156616,0.5443947493073695,0.5153888299528356,0.5726442774393592,0.579665235140942,0.5681742575177288,0.5845956498676441,0.5352953527897055,0.5597192327020873,0.7892790459879329,0.6886271574125169,0.680771043173435,0.6079053697992891,0.5889128001679045,0.8141429529120812,0.7576521149211821,0.5664974004086185,0.5501427375829459,0.8822423583437041,0.5556491678587435,0.5673951743694003,0.5957189534652472,0.5764213106368147,0.6217079037124863,0.0
27,0.49919536926208086,0.27208930114579977,0.3493738195466879,0.30664223902086174,0.3169238701655518,0.26867036708333136,0.21280457525523688,0.3591162277570904,0.22669733755377228,0.1850219120077722,0.260035568483054,0.2637725356120206,0.32849712496345274,0.4451920662840391,0.26106939697658,0.3107564499732825,0.3029926717921064,0.2266414119802881,0.4363117907770286,0.32319128702319233,0.18629889794994892,0.1353367551541589,0.5340656857670875,0.23463662341732422,0.24471918926456196,0.3320434496342408,0.3078708675446934,0.41410683927008585,0.0
28,0.6480408329448704,0.5346558681061456,0.5012923895381808,0.505718201653108,0.5136374814038425,0.4479484800864027,0.44142986600236356,0.5597570774573225,0.46366586127168286,0.44856693858966007,0.5176179568740024,0.45929752840281385,0.48841513305557127,0.5813402279306586,0.42037657691695535,0.4722641300571723,0.4582784880404653,0.4010041708924249,0.5472897246912765,0.5047902966779515,0.3924913133160917,0.39057975794537225,0.69814042466676,0.44403216705400134,0.48987042692708593,0.44153500743288165,0.413456937888912,0.4737775366266626,0.0
29,0.8213626177449854,0.5542259353141937,0.6275243900981831,0.7498003604781276,0.6685316955730939,0.5130018657792169,0.45401700351343455,0.6045741393589835,0.6200813095610642,0.6594647737740627,0.6840748327182586,0.5303537417078937,0.5614220368944529,0.8140125760984295,0.7726190669055156,0.7798313076175644,0.612176012624348,0.5763543306436567,0.887066429308664,0.8548707463905577,0.6200170952892312,0.5993175043339047,0.9476817709518743,0.6206796024836173,0.6434913481630296,0.5952386969813589,0.5737420630369584,0.627504999538656,0.0
30,0.727180446003732,0.4815685663455029,0.5681166371976487,0.6443546940241532,0.425147958039865,0.40007439241236503,0.3164590946570041,0.5518247653306019,0.4945448007104591,0.4679532284703626,0.3878895010576146,0.4274247718668664,0.4249679932598328,0.677760869266363,0.5838163106227622,0.44045906555552067,0.4911875117319232,0.4017067794617625,0.6668022426912926,0.49490105291465036,0.4130068372849106,0.32966057153335504,0.602706490583977,0.354208641212073,0.32651859468739364,0.44696861040263347,0.39471209670481827,0.4113715802456159,0.0
31,0.7485822403508312,0.23304401386499707,0.38677733482672183,0.5147811387246117,0.353400321540407,0.11086685809885391,-0.04601874530447743,0.19176016349768965,0.18761939608142986,0.23159752350751123,0.18748055851708278,0.13689012203233084,0.12105281589413591,0.4302789317855252,0.3731887827816804,0.2805331101970789,0.18060820047040643,0.07053122913374248,0.5078503032245523,0.3906245649971845,0.17322042731746312,0.06030519270380476,0.41502291205092723,0.12676304468018332,0.07854344143248382,0.20567595439480366,0.16896650371639013,0.22306172611670205,0.0
32,0.417242357092616,0.20111525074045963,0.24101729357495777,0.27994752929889544,0.24867312287749616,0.14192025766789362,0.11100977095783987,0.4180651690145581,0.2744295097110043,0.20880937221363446,0.2567002092430061,0.29052203761204515,0.3824965927322099,0.47964890853906683,0.23791417553736122,0.3164253287468993,0.2930663277016228,0.2569121746219303,0.3344223274470289,0.3637460178703759,0.18646447891686002,0.20432444448058576,0.5990444972935373,0.2298478876536652,0.28689633769354883,0.3036686765946405,0.3339199121844912,0.46440236143499275,0.0
33,0.6535842004993161,0.38022711521680824,0.47746962681731925,0.5739272939445204,0.5218702037114317,0.3480208680080856,0.23266659871745143,0.3372999247721364,0.32799271807815883,0.3492079747422772,0.35424487772064384,0.2839287494965697,0.25844140714380304,0.5944747420045853,0.555576865412527,0.6173542119147849,0.3586432916362496,0.25125975349392193,0.750050861161635,0.8291128117153795,0.36684496050824067,0.26482101574805955,1.1515184949457227,0.3774125046337185,0.3074259870617488,0.32613096518739615,0.2702728373360071,0.3002595719559627,0.0
34,0.4755040056401512,0.17865642330456544,0.18944884981275142,0.37457797165766515,0.22677222201568062,0.045753038276761034,-0.0007184629166208221,0.19027031222546595,0.1564603186656351,0.16886986465012258,0.14238651191101517,0.11859833597611724,0.12610011330954177,0.4388885549144189,0.22664056888564205,0.21641842905185,0.20597383480773548,0.15941967925098888,0.4319221037391823,0.34925170520888704,0.09054989204933007,0.04058027223033873,0.4550712979862514,0.11753821641716432,0.08946037886484928,0.22059280120173436,0.20543589104250495,0.2560532752325883,0.0
35,0.5074877267467627,0.19718382198215736,0.2544152022591918,0.2915360531591361,0.22450327406323203,0.1473374677266443,0.06716041354821274,0.3175239704453897,0.2012935881304832,0.19177405423300903,0.20564054779346552,0.20427611627486383,0.21946198607131465,0.2763481613107399,0.1819339517154769,0.21298825630717927,0.1710821061978632,0.1262843570392084,0.36392059581373454,0.28593060411477966,0.13390675535667504,0.08448037499947801,0.43583882615242026,0.1568100807100604,0.12568671225381672,0.21855696022456686,0.20505273568246718,0.24798041064898246,0.0
36,0.4399406177476961,0.08094031756547944,0.1646642196657542,0.2908979286525342,0.24593041709504268,0.05945460357482423,-0.036985868571045244,0.20664303566946052,0.11826876409584801,0.09528334413277759,0.12809933318978795,0.12438033592126148,0.15663564360221555,0.30398368794030267,0.1265643118863546,0.13824853482053032,0.15895338361097378,0.0669079997791223,0.3564151926195686,0.32834946401649795,0.10763552085350785,0.07410085094960121,0.43955135483615254,0.12104263980697781,0.10305938859701576,0.22260675338879757,0.21164338237163158,0.31660876075691147,0.0
37,0.8007739746053151,0.4235075161914023,0.5008339073959859,0.7250007584798299,0.6584588692848552,0.43439506136238093,0.34166060812627996,0.5364178400748562,0.47732672423913935,0.505578210130864,0.574749792886871,0.436448511210353,0.5072133573334712,0.6625345031144804,0.5696017438380377,0.5948729910972952,0.477492226319371,0.4539180076127574,0.8376948172189852,0.7469110043704,0.49831402430766797,0.4418110793555072,0.8361740010190467,0.527412058932196,0.527647062063831,0.4706545809263261,0.4550312706281478,0.5520816245903565,0.0
38,0.8265440350432397,0.48370228745629706,0.5317465915052403,0.6932576297392109,0.7080331378354626,0.4267213840582273,0.3719143443997207,0.47218451041630044,0.39471796168771106,0.4283653077752912,0.48799973700046867,0.4185836055577354,0.4032063903490958,0.5884582003543004,0.4913428604587262,0.5462421111863732,0.4234842992924209,0.3415109563498059,0.7368127561376048,0.7591953630021836,0.41558453347917246,0.385669880154385,0.9124580130634756,0.4572969335744593,0.4231411985032274,0.4528247650695314,0.4123676517751806,0.45196927768869755,0.0
39,0.8413089592951377,0.5129626684790765,0.6372268496425094,0.5879392288549344,0.6600817182620599,0.4456530152733179,0.41703649222863015,0.5929748105480483,0.5126747038338181,0.4256083283905063,0.5205059688653831,0.5194650861444902,0.5314873897243328,0.7000178485225033,0.5283016606592977,0.6006108661045617,0.4948434355336399,0.4454313440932784,0.6062030194009629,0.6425920338878589,0.38075072557641815,0.385764650360611,0.8995926931424629,0.4264847955083313,0.47762572475782344,0.5224268183299745,0.498414386081531,0.5366783009393818,0.0
40,0.8345438116783285,0.5633380802802862,0.6373127999340269,0.8010225289477341,0.7330742365945048,0.4866438127349171,0.37150981673033073,0.5841066961051228,0.5274086774101546,0.6379312076356928,0.6173938751203328,0.502136006802252,0.4914641906302327,0.7526973671304545,0.6906241257724846,0.6779636285647197,0.5517297010471126,0.4455074058826147,0.890996380838415,0.8328507778684576,0.5778388201961032,0.48968405068740084,0.860800901451014,0.5482109827340611,0.4845476665808395,0.547986417329741,0.49859705594024945,0.5352003983306305,0.0
41,0.677556838681584,0.22165641867517608,0.3762691041810093,0.5991277855929066,0.39762208380480546,0.29642758244319933,0.14242691374725538,0.3674331951145081,0.24267367243241594,0.29489495710658564,0.32258858909360416,0.30658968919797386,0.3612990433223123,0.4501251975533211,0.41769076944950256,0.40263450239008136,0.34747359168151976,0.24867361860598367,0.6745583086715576,0.5408506704127966,0.37769986747305734,0.26373875195602875,0.6614128370788831,0.3883689401161134,0.37365070720589366,0.4053807893807876,0.3685816305603457,0.46899186380032093,0.0
42,0.67406273753281,0.48050503944465794,0.5474659026536062,0.5699562721847268,0.594314880459989,0.4323463181609084,0.4026048509394259,0.47506993294859046,0.48843349903150995,0.4320022068888291,0.5100740610492733,0.41062260893594066,0.3997002119696753,0.7212555458858365,0.5606153688638364,0.6258805248783721,0.4946493831111476,0.4419811428096652,0.6287124300335319,0.6057044244376982,0.4394754817455636,0.4138010084757861,0.8755655199631798,0.4455823400867627,0.4431865799920422,0.48383445755666443,0.4314178905971908,0.4275353306187178,0.0
43,0.6966566892383813,0.3396292459345501,0.5055711496178995,0.567359022260903,0.4053297886069753,0.3404232695491019,0.23868855696565114,0.41983869490360276,0.2662764304907121,0.3270285912143055,0.33921584198893145,0.33631731343956833,0.3599146765819548,0.5591843946883395,0.5155708096180363,0.4513262056680637,0.3512963946208191,0.24543196826143138,0.6716169760363112,0.5305725507271618,0.3943290478962752,0.2958178506580781,0.5912747258798808,0.38673504108183016,0.3395229555665127,0.37324228550151206,0.3512110188063835,0.3980451367543752,0.0
44,0.5772997011898137,0.36782217727282973,0.40539143096347713,0.4881550929020982,0.5173494863522445,0.33236955681004166,0.28271720476785445,0.418517500304953,0.34377532432613467,0.30740510961129913,0.38969860787821353,0.35014293207675007,0.3708484634384078,0.5606592144649125,0.4954439573196502,0.5404235667283367,0.3826647771597531,0.31412467888737744,0.6529528201526945,0.6451909535525718,0.3268482864537429,0.25160889826694144,0.8013464304667209,0.36860361508615797,0.33395229632462514,0.3931446265879624,0.3533204394636086,0.4118229832138148,0.0
45,0.646964142588246,0.23710340685392878,0.46525216278224646,0.5204312159767388,0.5596411350189591,0.2809259828119313,0.21077196196063933,0.23192903515282007,0.3144606238662974,0.23191991979170795,0.24860155056810918,0.25258437064285477,0.24603258960421975,0.7317889834259145,0.46055584237200836,0.4848044647131758,0.43159277139976626,0.3590858165581457,0.5875953233597512,0.6499385987521996,0.31909777515106813,0.23962297225541931,0.8228651897725004,0.3488312702447325,0.2818972159258013,0.3729700076238483,0.33510960712574356,0.3642730106144377,0.0
46,0.6781666308732621,0.4493078490354936,0.5218694514733678,0.6356114213367787,0.47273974774189864,0.45284166372343926,0.4009218981235989,0.5743050589718982,0.4884342894408221,0.46696111800840573,0.40872249337985983,0.5237179449705806,0.5671095830031241,0.6742695193415345,0.5856362578742652,0.530080282487985,0.5392822238040202,0.5073030064414737,0.7782603761257065,0.6469115534515597,0.5045771011685488,0.464724707075935,0.772269668184797,0.42974646513918124,0.42008998614392384,0.5731305817101442,0.5718159693406899,0.6499706123371366,0.0
47,0.6658591308701768,0.39024505267307275,0.5043805078669332,0.5116401750518933,0.4009054840884612,0.4125420668765781,0.34341411221705603,0.5023305102348471,0.48373767413698,0.37092321356539865,0.512727089103106,0.4803085746155005,0.4741014249251523,0.6200089055584096,0.43349915648070114,0.5159838222812374,0.5364045274862141,0.4757380415825132,0.520315663586503,0.3966094827427611,0.38914006794198824,0.34042788990008016,0.6334755673839295,0.5035495437305262,0.49753196817250916,0.5175664791797432,0.4852302260523389,0.5047753692766958,0.0
48,0.5201884031563709,0.24784732270085463,0.3609000388170854,0.45446230515612157,0.4036542748473336,0.23959906610804807,0.19909406292002674,0.3901349996764394,0.30335122675786,0.32368906193346964,0.3514095854153174,0.3173209841108638,0.37253208389220727,0.5612394603725367,0.4254654118328443,0.4854959539148962,0.35560795221484015,0.3313206203616764,0.5727865710595342,0.5359837735109475,0.3295089958669724,0.32544065297230484,0.6833196363356285,0.3577266609532268,0.36843075973969514,0.39504761732007876,0.38920824163895207,0.4619325446382446,0.0
49,0.6274375595362743,0.48458975558030776,0.4562826756224837,0.5433529299358172,0.5476566452566064,0.4267727962342781,0.40536403362071544,0.5571134649446569,0.4390523416365964,0.5075208582034234,0.5587084379363735,0.49325937492402677,0.5136739582776485,0.49069225047288073,0.45912285751702225,0.45770315184724963,0.4592362296979841,0.4109591037016504,0.5981496890363186,0.5771983192058842,0.4718627248276326,0.4513791201435823,0.7553503844566368,0.4979381839139419,0.5459829288846492,0.5129565222320891,0.49926579809018123,0.5584718312789072,0.0
50,0.3289220626044434,0.03805621369505491,0.06292168518677858,0.18210438857930106,0.14900623092206036,0.0246863283280918,-0.062057883231144764,0.24261394999568223,0.11520419520049072,0.043205250866181176,0.06519329729537018,0.15242076887751693,0.21702446181726587,0.33750453861700264,0.043165562815015456,0.11557308603314242,0.18916965022754922,0.14257287368218158,0.2965437543948878,0.25432718715334,0.011974150128137469,0.007939293130392646,0.40769735932755696,0.04231546110629268,0.05876875969946271,0.2233316736740831,0.2147247611339633,0.329911495194474,0.0
51,0.9446326317045423,0.689455946904992,0.7862140876007754,0.7651623027939558,0.8340510378544094,0.7037331222175202,0.6749849263760704,0.7159014661828121,0.6731173139493796,0.6251701856568369,0.7924856830422313,0.6725423439410582,0.7249236450375085,0.8346468839531186,0.6944816638520493,0.8091108172448981,0.7439741393944441,0.7150677593425045,0.7785496285681548,0.8142628481723572,0.6308662026627827,0.6147010658417342,1.0770899295313636,0.7509243368869832,0.8066719387621405,0.7569792971987572,0.7542906922418439,0.8131855638967569,0.0
52,0.8094516158665706,0.5760461343250556,0.5728012948988128,0.7458506481470623,0.706768914198439,0.48097365155138083,0.48002945935730656,0.5844762075538408,0.4791446128475619,0.5378630351124198,0.551525394913895,0.4417318512200624,0.49469421163672483,0.5863937512523103,0.5534762272518428,0.5623043813520799,0.4611217914012809,0.42839213162515205,0.7489744156017168,0.70237968668855,0.466789530437559,0.4516889352457457,0.8608328338104654,0.48912330182469393,0.491468508096762,0.41823631342638296,0.4161085941748113,0.4808005988019463,0.0
53,0.8346783915891025,0.5355047729344089,0.5801813332799914,0.5149038086228751,0.5695670114890026,0.47008469834142347,0.42898500256840905,0.6296414966662458,0.5904597061046802,0.5195923150438252,0.5803333817604831,0.5858351766557715,0.6346970393955318,0.7213241635229742,0.5364398900323818,0.6309381964273609,0.632623054121757,0.618366809612596,0.6105418395710144,0.6023005528421776,0.5290240909553129,0.5218812617765349,0.810706754654496,0.6147089394934603,0.6254766668479389,0.6565179518265747,0.6644547454560599,0.7434722954434374,0.0
54,0.5812365996412093,0.3086068538217713,0.3946691734110759,0.48423855059420656,0.4001574129151631,0.2626708521922326,0.2150654611600557,0.3668224784339238,0.3551137312640752,0.295945535077172,0.3112005116651341,0.3351299218175346,0.34482309431672825,0.5567729385471133,0.41046210769090785,0.4373524885859034,0.41500294482784855,0.37358685444447565,0.552866449344072,0.47536352860036307,0.3074478802067815,0.2592841969097572,0.5801034877046459,0.329722979848869,0.3118537543393713,0.4330831710808265,0.4071148958636718,0.44462891141059585,0.0
55,0.9091974684067259,0.6790496588994643,0.5875539864123107,0.8371694714620966,0.5698207502714786,0.5690551242898604,0.44836531918257627,0.7093457237645078,0.5356906987034117,0.7117421561699165,0.5069178650135951,0.5795945578299907,0.5151013751348923,0.6999248536692039,0.6428168768483151,0.5912220087698773,0.583080837676492,0.46281978546335234,0.9218226067046614,0.6605847316511582,0.660182057464883,0.5418571745795875,0.7169402705783694,0.544599581549535,0.46598048414699733,0.6119636644657201,0.5199322362748754,0.48580714133427,0.0
56,0.4574470541371739,0.0037954828290291463,0.12528951403065572,0.1805467209918172,0.0992193010645492,0.016873604642740965,-0.09128555929514912,0.26286369944401544,0.23936685070460872,0.13455581501934286,0.16058901447971563,0.2653986803514173,0.3116876246723836,0.46064084425444807,0.19860794239674723,0.1732162755281072,0.30916839384566236,0.3333216192086076,0.29424629133148755,0.24507631618017514,0.13661412113477858,0.11410473477048878,0.4424103189033543,0.15937129900137123,0.12834874327184306,0.3286135555133797,0.35903944172092006,0.49158905786460316,0.0
57,0.4661742545674265,0.21511218426301915,0.24044933041467226,0.34359745047479384,0.3658067749393703,0.14090006974850303,0.12077641327051285,0.19367810905616256,0.14312031416770382,0.16485018376109253,0.20860157151672074,0.12035197495999436,0.1485275145848346,0.36728972392753634,0.18658015545478862,0.2331314681103275,0.236053670715739,0.15744022206931352,0.4534364750065051,0.41357172522957564,0.09476317619739819,0.09052898288087097,0.637438856634887,0.17451575640613795,0.18049257441639782,0.2634674109955366,0.20654662105931493,0.22715539019328035,0.0
58,0.6109188849400986,0.31858978712879826,0.3692508901460199,0.47947636615498357,0.4662186539435244,0.278267845758853,0.19362814502977124,0.46283448863891047,0.45238619209684383,0.3854749877347629,0.4981960027157391,0.43040979344741653,0.4269028727223435,0.5924297995286226,0.44071587914760374,0.5227369732273083,0.4748179505600314,0.4160229619211299,0.4966790691822091,0.5373335217713314,0.36163992248659027,0.3009819151781837,0.8325590485690978,0.4519540735538403,0.4342468813057739,0.4691290182354699,0.44511667724608417,0.4982079748872458,0.0
59,0.3661312015376827,0.07355729811256076,0.08373372872465214,0.12461428721308133,0.11104337820445978,-0.005064349011534953,-0.07673210938380762,0.2247029371112223,0.11087508890232534,0.12981627273044655,0.1935286302185969,0.137489127892967,0.2258580157093533,0.2876217483952109,0.13027617433794755,0.16670802010424707,0.14256566354719902,0.11637705086713702,0.25237933703152093,0.2085262474613871,0.09074506510626484,0.12040139199919114,0.3947351670576776,0.13022315755077368,0.2149890352633642,0.19121129261498507,0.22087562131000263,0.3931228774203833,0.0
60,0.597023080831152,0.16330428977259073,0.18181491504306968,0.35845019603462736,0.21093220495596568,0.1427240084838074,0.029985917885403255,0.27252010952504707,0.23782920029197802,0.1638312314768814,0.17922255880807964,0.19442564899171283,0.24276142201133435,0.4405225616725149,0.23044726402795265,0.27278093438819634,0.22912315398740865,0.23432409022459005,0.407397461404497,0.33279278305952475,0.16202810119875766,0.10238907783373494,0.49584983165558766,0.16159593949804016,0.17331615060796543,0.3008845545758907,0.2916285239983595,0.37557201961370107,0.0
61,0.7086054102931854,0.42598963301704323,0.5218136682432502,0.5275737298178378,0.49738204398352714,0.3344283380040349,0.24987313703705766,0.38875775341773705,0.4139826695029426,0.3886560980526467,0.41698221558218673,0.32848339360714146,0.3075774813432429,0.6116902373295594,0.4769047011989248,0.4661810136917816,0.3970006666259845,0.3243918928290471,0.5384547432404636,0.5667143730859089,0.3344938026118758,0.29027649854728993,0.8224177595716622,0.3551407831676011,0.35780641087494475,0.3566984088459181,0.3233396194178174,0.35155155308119845,0.0
62,0.6959695456107832,0.41784489961297633,0.5203617023884253,0.6025677265206502,0.5225238916036662,0.38847393652712103,0.325019029015529,0.458070926270487,0.4637321215508795,0.45015776086090153,0.4430414264014827,0.41827397083756496,0.4252797159200054,0.7623608583134092,0.5502787346491332,0.5461547155741797,0.5241283279212525,0.4743286439293244,0.683823784957991,0.6313393928382308,0.44510848039482137,0.4145980611110319,0.7333652789198679,0.43549382190929065,0.43645884628106957,0.49901651061132773,0.4799234516135891,0.5173047309570824,0.0
63,0.6953214362222508,0.46922497951817554,0.5980442451988718,0.5971292754981653,0.5417266012177563,0.47541856074906524,0.43492376206535127,0.5682986084488489,0.5128825630257605,0.47210581558966763,0.5304552415041897,0.5245151985986111,0.5554890144118235,0.7177297797574884,0.5817137585207235,0.5611045906055991,0.5595738223097444,0.5090222789874594,0.6810370432480221,0.6013190448157505,0.475481392263499,0.44256436619128,0.8635516433210222,0.5078685895405998,0.523512333099884,0.5552324817911666,0.550964020505712,0.5971290410279472,0.0
64,0.3925451738736733,0.17010026627271113,0.19125366889871642,0.24634651631325216,0.1691174313058097,0.11693564140846935,0.04149460053404361,0.29681737728487534,0.23052981076327542,0.1812776648388898,0.18657388471189223,0.2180528332140893,0.16324834477070263,0.3498807949645232,0.18956858512494848,0.243221011218749,0.18319764602268554,0.131901670597894,0.30796743991659153,0.2573544445926874,0.16414092225754098,0.09809405391849459,0.43967262058483436,0.16148892576026197,0.15153855100342847,0.225350685082091,0.1644954695056113,0.18402608054547764,0.0
65,0.4207471624239534,0.14044184963171202,0.2163972550377418,0.26594951325089017,0.20119367257749785,0.08530197494068399,0.021648721868043147,0.3357317744828175,0.19776560132674928,0.12209936034233179,0.16963847657135692,0.24035597870382905,0.2958693323860898,0.40144759259719326,0.16898795186502122,0.20647878258541538,0.22926520834844968,0.19667657828292534,0.2862028273724476,0.24061404401819328,0.10380220038870008,0.07332130973230719,0.3816315224868615,0.1429944802543989,0.14965478311018351,0.288098366493727,0.30350776200323987,0.3979188941578565,0.0
66,0.7140622919280569,0.460920937314502,0.5123942918981896,0.48049308527361206,0.5397403950804277,0.33796894524244925,0.29829582108199904,0.42939511346116516,0.4599684215553739,0.3779349342352738,0.47894183451068667,0.35005131038966536,0.35009098387738463,0.638168137881891,0.41403845472967,0.5471304253544433,0.43391297450869337,0.3892111524569135,0.4650166264830198,0.4828157245193501,0.32054905426254504,0.31076916330771936,0.7502903505146779,0.41582966292922613,0.4311187156028841,0.4266448623387854,0.4037870650054541,0.4368142941105737,0.0
67,0.5522060674544321,0.17981669279660922,0.2607499913961281,0.3405080548969937,0.2426556945350374,0.09882079721245714,0.018107300411229155,0.2709797223763901,0.20331864932731603,0.14727603714903578,0.14217557966709704,0.16340617791812895,0.20353396921578915,0.4690928303867913,0.21721589823755993,0.2955949034623796,0.2210609313237059,0.18267478527802747,0.4371324201431118,0.34663004469962533,0.07101424728654276,0.045364835570393426,0.5558387072388982,0.09710248709360014,0.09453395678996727,0.23094516704111948,0.22920986740809704,0.30924931705596936,0.0
68,0.2889012052421335,0.10682040666424224,0.13586338138408882,0.21309956841333527,0.19049907440116778,0.08733787733626568,0.06986306387969111,0.23530626132101556,0.13548898513311447,0.10688386145213315,0.15968425741578646,0.1938969205765714,0.2557846019086672,0.3238623170550809,0.1480334194539949,0.2454034608368034,0.2469969500405382,0.20257747262063078,0.3181270949991526,0.3262129127043193,0.12607606385812486,0.1497896365440738,0.5337849907831375,0.18938811319226923,0.24243605560438145,0.3099336720206081,0.29700433738433696,0.40098794009744737,0.0
69,0.5413506674435474,0.1571230882069474,0.24114871776702165,0.4689716393666319,0.19361544999759747,0.16667303131763445,0.04569659604654071,0.28086732765289224,0.22089565759912558,0.1676787377955459,0.22585008247737437,0.1924754373646591,0.22543612789921086,0.4598729340571811,0.2895529651471162,0.2171036604809277,0.2329402010922375,0.16464390532092002,0.5101796950099082,0.24150042776880998,0.19874413163489527,0.07794953120790143,0.42318432697396136,0.1814675374124106,0.1956118831100011,0.23802200768184245,0.19646644338968117,0.2620849899381424,0.0
70,0.5262436554277188,0.19734128207149126,0.21861728896663163,0.3674332093444259,0.20385719077205516,0.19164343052643293,0.1405399071738462,0.33463915314141546,0.231263291609789,0.16091594721006272,0.18301873237218078,0.24866460744364355,0.2983376157244622,0.41868653195126143,0.21164840963110182,0.27575954708551426,0.297023205257727,0.28180688775993057,0.40762758803960025,0.2858765974572739,0.1567691562829933,0.12921932681205486,0.4217810930595535,0.20559822334360423,0.22236170165731625,0.3575027135697756,0.3455550063495659,0.41918042799614763,0.0
71,0.6241299163513749,0.4661295030364712,0.5538057311925013,0.6478165198035178,0.6989642076592352,0.47738998412651096,0.46663428842286564,0.4679176401438703,0.36618504376801775,0.42042665038106847,0.5205905336477079,0.41055609740238175,0.4635619650478172,0.6982764474166933,0.5765662615169619,0.6807257774211346,0.48818241503832793,0.42303622091515525,0.8162224954500747,0.7731741128216001,0.45829526978712665,0.43172396626925574,0.9019884722092992,0.5432781530798523,0.5427820607267131,0.46040031401357895,0.4479278210260869,0.517399483038194,0.0
72,0.7458342249169706,0.3985025727024526,0.456806666332761,0.5871468002734805,0.45957297454264195,0.3658237160666659,0.3054862338472512,0.4152048935618921,0.37497211351624954,0.37984790032261484,0.3903621754163498,0.36527853571531954,0.3700517270611563,0.5481513182824582,0.4315943345793579,0.41832524926752274,0.41412391382453445,0.33668708687018406,0.6145476257490745,0.5075053396194008,0.38053410266758303,0.34554677274152534,0.6794738593761571,0.38614543737385154,0.39469394769602023,0.42473208035916066,0.3929017033064934,0.4274038660463308,1.0
73,0.5159450164394831,0.22776241121566693,0.2934246883555245,0.35395735825261565,0.25179756663586594,0.20071817140908332,0.09715816127849349,0.22430948016325256,0.19188015573687878,0.1692579707058256,0.18035529192554053,0.16292973812334974,0.14059245705296056,0.3576066761068919,0.2835276421725556,0.2994767926188007,0.23808873869560682,0.16940296612972675,0.4451539924299918,0.40216977222251593,0.213601240788661,0.1299518181686604,0.5460569403479423,0.19277670749626333,0.15448143552606344,0.26175063044211594,0.19262503099934625,0.2025829982379812,1.0
74,0.5597405774687366,0.29346873618957015,0.3887214293564286,0.36182527200471476,0.3923901976987865,0.24112897095931624,0.18345010364466313,0.34179817788108446,0.33142525540631784,0.23651252535711917,0.2940224782275947,0.31311795383137914,0.33925119002999227,0.5247521647289505,0.3010768555351804,0.3592186786507793,0.36208811304105254,0.3036033876909508,0.4190594738702004,0.3460142983993094,0.18730343654950968,0.1628422858106137,0.5470051022433982,0.25766661109018796,0.25433477914741903,0.43066405280534314,0.4117104466320992,0.47612860604107404,1.0
75,0.5667106144676082,0.09578706959002686,0.08445955391682317,0.26534387755879335,0.1015062168798612,-0.013249577087148459,-0.10487321726531072,0.14775012229292736,0.07851435795786615,0.0576325334271603,0.06991416450192733,0.11315041405925465,0.12751807333270535,0.3089706238989734,0.09579633483837281,0.11292684183494918,0.13093988723519218,0.09201061320511404,0.3438452308656677,0.2721300610189921,0.03302385907502401,0.004108698008685696,0.4729222123507186,0.06977142358330568,0.09249583669372924,0.17921452420271125,0.1774173767242937,0.26507587632727947,1.0
76,1.0151637785834176,0.6218846046263269,0.9005416597119901,0.597539797313544,0.8551942777948428,0.26275104287690176,0.20968667916320785,0.4429189597939849,0.5822289343023989,0.36626829035229036,0.547585264863578,0.20283395929883935,0.1691338759152038,0.9293426758090112,0.4706093068504447,0.7947578869068852,0.2695480849449065,0.20075971119737815,0.5194701126610776,0.5018241233594511,0.18852069224558282,0.15412275085545374,0.7798980475546303,0.2481822740173433,0.20234071948917998,0.12375664662121832,0.10056823722672258,0.0949726996343116,1.0
77,0.6331682805533718,0.33019445112572016,0.3643291236974283,0.3981108233468225,0.43116968590407484,0.25357028820533667,0.20488955233264627,0.37748496141551724,0.3203011783734148,0.2581279398054755,0.31207002959227326,0.30872763405351067,0.34228668678165663,0.531813700316864,0.33211703792216324,0.338508463940396,0.3159056805231731,0.2834837241776483,0.37991038675501365,0.32399811552900687,0.22278617574730433,0.18883886523287557,0.5338625132272083,0.28275240019789,0.28275411503949693,0.33016548281073205,0.3369138799491808,0.41206268630513077,1.0
78,0.8174163721021438,0.5121598681034915,0.5687799402122938,0.6057250334500192,0.586611663695618,0.4129309862182379,0.3033183390481941,0.4495253462939266,0.5086628491467815,0.4551216966937297,0.5005089606709222,0.4096303685762384,0.35040661461888817,0.7522716392754716,0.5521057623535831,0.6005884309909414,0.54260480619932,0.43160603945477705,0.6201846265460491,0.611022488655444,0.4330278177856185,0.3401917905968018,0.7369055034517172,0.4762028773672303,0.41003410427975545,0.46035398808444294,0.37807804138650114,0.3702285295203853,1.0
79,0.8534729139383138,0.6623232230542244,0.6620606807418034,0.7584479460254674,0.7956616468784555,0.5981848903004905,0.5978117052876987,0.712670906529773,0.5781764721856708,0.6732401095227409,0.772845405064177,0.6085945189193759,0.6416991962582964,0.6518052501250488,0.6541036000792664,0.6996392368577685,0.5616933750444915,0.5320179482849366,0.8139628187945208,0.8698340448044978,0.6276601332395605,0.6212913402568657,1.1265362106116559,0.6756382691043015,0.7148319493021846,0.5828335392724355,0.5857773800474841,0.641458637650729,1.0
80,0.43584262997235085,0.324972448410012,0.31535492741282,0.2316018806486598,0.25516936394429734,0.23331103032919082,0.2437643113245686,0.5233216540827232,0.3949802682194266,0.2523701627731831,0.3248269504750893,0.4023985980380682,0.4716293789341559,0.46123578171411705,0.23257731642990456,0.24801463047211264,0.369574238668191,0.38051300789341497,0.2572271130094574,0.2662189356633233,0.2030404968443188,0.2319052371166049,0.5392526956790191,0.2153810433393761,0.27835658474880687,0.41815156766439304,0.44472282385103346,0.5565605601248353,1.0
81,0.6666101401499065,0.2702409439148318,0.450164730891876,0.533493389459713,0.38611975319269703,0.22331297340038792,0.12424722949249348,0.44105589261206396,0.35702695052697847,0.28511679620194474,0.3833589660277245,0.29460350746147884,0.358843945961638,0.5380153833187503,0.4207945866073959,0.4204323563006375,0.3254998748993506,0.27483812145968856,0.5419604426223842,0.4312198927704417,0.23404271720545028,0.1612089771434584,0.5286134186325169,0.28871232613661496,0.3126369754036736,0.3024445329641026,0.2946765764476914,0.38321721140987974,1.0
82,0.6380741204640753,0.4358085279021273,0.5348138531582263,0.5730909560266949,0.5226811653402937,0.39001943081624274,0.2807422979091588,0.5026951700987595,0.4637012514885946,0.47372724135033767,0.49699371043013285,0.4379270254730383,0.4286925327350102,0.6651668130284698,0.5664996684794817,0.6054793405001958,0.45851378230355655,0.40104961506195463,0.6781752843262492,0.6395406586418846,0.43675584663379835,0.3647990306541032,0.8377215817341506,0.4745118651473418,0.439164916602356,0.4353718760158487,0.41366022411092723,0.474204144497793,1.0
83,0.7912719388469418,0.443366733033575,0.5450795838035973,0.7196300687077197,0.6350305768996507,0.4136014566993143,0.36228734784172284,0.568436490799989,0.47823582810101767,0.45518941044009203,0.5460065054613785,0.4801736549190885,0.543319217900967,0.6668062670410186,0.5860669125790815,0.6493618091735655,0.5146699091586364,0.4809022279997652,0.7488175803329981,0.698067048638277,0.46962600347302,0.42374200639705567,0.8563222455084578,0.5378952518418733,0.5370662949572819,0.5653461209624226,0.56530424102468,0.6417889102628412,1.0
84,0.4642869234359614,0.19790667173560592,0.30132729360256777,0.4345211426295345,0.3480651672995898,0.19519877727775026,0.14062237729443666,0.3530246987238034,0.3172074303995203,0.16388425700364548,0.19613750420466106,0.2870704009544516,0.34147957478816604,0.513058527687866,0.2875549540618839,0.2846118510737103,0.3427887764653971,0.3179247981666153,0.508256486327842,0.4175862388592939,0.17427889619188391,0.1153261431080957,0.5296534421349604,0.2065128753394335,0.1768515751136917,0.3548901152836363,0.3437142828383131,0.41147312889270043,1.0
85,0.6323339748270039,0.3020828250918751,0.4320991091352379,0.4558147267727879,0.5180055471009176,0.25087244806344183,0.1846586399177876,0.4122136171072368,0.41655171997723067,0.33178042083556014,0.4591358693014684,0.3746919220156315,0.4111032267685265,0.6734925385248511,0.4516176980062599,0.6355856064127177,0.4824797587950372,0.44883142565337236,0.5161641694533452,0.5435450710520435,0.33532234821830703,0.29825456937274647,0.8577454082454675,0.4801712974545886,0.47216415587200217,0.46928150176593514,0.48002429180419176,0.5557285143228109,1.0
86,0.9138666093389256,0.6238051860448757,0.7705913256670933,0.7481474516953297,0.8272073980237176,0.6248577937418698,0.5799287075455779,0.6278289018103258,0.6196019601080512,0.5898863428715149,0.6813901495443233,0.6084467041091955,0.5990419530157075,0.8397457488697395,0.728182079470834,0.8031203239393064,0.671632692392858,0.61108199104939,0.824484098589674,0.7980429287868254,0.5928849966634837,0.5642795551991718,1.0028148558505532,0.6738128177803959,0.6575088484672519,0.6731129888151776,0.6301882149213927,0.6240194393148072,1.0
87,0.7488372613234969,0.47571756309636665,0.4283871436212228,0.6405781943919745,0.5826720228151473,0.4259473330625455,0.3285668069318834,0.5347626360802847,0.4360412593816112,0.5051374632233404,0.5166285301375674,0.4538637164277686,0.4676637231469891,0.5191083614480677,0.4790971622896452,0.5099613265208006,0.4414508526408413,0.40181449680340997,0.7102072135418548,0.6693300505019155,0.46531158735604455,0.3925111447163068,0.8011428089771191,0.4573524882027162,0.4340765875258879,0.48557707410997086,0.4518593193924478,0.5196919066439295,1.0
88,0.7900897932485987,0.5416600554859171,0.4891670230026031,0.6900144989762982,0.6394465847497616,0.47730205987636726,0.47886240466491997,0.5821523520671729,0.43474535387437224,0.58077232039121,0.6286943638075486,0.49633715887101,0.5479405436511878,0.5098264047047611,0.5248781463545159,0.5928880702948935,0.4325563618159551,0.4109755291558364,0.810382550461196,0.8316643231075951,0.54207418238225,0.5374075369551303,1.235988692740525,0.5773468237084541,0.6490917969076314,0.4966995179557613,0.4944310489605303,0.5751999188656698,1.0
89,0.6209947081171476,0.38071351626503475,0.43119585788966125,0.5326260791556915,0.4519201335040371,0.2743863455402426,0.21385316407037158,0.5590533167415012,0.49866493805512985,0.46029727004724186,0.5008590874210032,0.4979867198515487,0.529860836201955,0.6377854355265806,0.5058604693133099,0.5399942484064642,0.5107189492048613,0.48170621739556824,0.6047248054069874,0.6002960148204779,0.40832219515089996,0.36720630871722054,0.747438031258669,0.45887068547911536,0.4721937286054997,0.5651094977788129,0.575690171083293,0.6529390114485445,1.0
90,0.5821639167953554,0.46949713263864074,0.36641346996009716,0.536305100180831,0.613830786738384,0.3936955754375991,0.4073346894242211,0.4572087563188666,0.3282943611182372,0.4645513984931473,0.50033584462416,0.352964577980582,0.39074747179371605,0.3558573401170761,0.35772150546683257,0.37251713248121227,0.3254354527255029,0.3159975386524559,0.5601514185146177,0.5930978972006447,0.3823352615218673,0.40711881965093427,0.714380633102084,0.4030900618239771,0.4374806270875428,0.3676980562829231,0.34970628867123643,0.3760188007869452,1.0
91,0.6329267241981666,0.4152727111426072,0.4998313514904599,0.4526596008064475,0.5079418559558357,0.3552542667154522,0.2973675416493928,0.4271558010913826,0.3602366349657617,0.3642823796003714,0.38148191340604115,0.34781075283004304,0.349513284970716,0.5274223122653332,0.4082043641535713,0.46533949370861527,0.350464609869233,0.26728346021743377,0.4617824903829444,0.50350538689792,0.3399018343463321,0.3125139899460533,0.8694758688528474,0.3437923293187906,0.349091097916306,0.37676056080772596,0.35811841293518987,0.4248320779162548,1.0
92,0.4697711160167816,0.091307512127825,0.17443260270011024,0.20226034582228652,0.06354656453342135,0.07090910149111584,-0.040600597218506784,0.16160229528205286,-0.0024553335599627013,-0.03524342176634364,-0.06797450453856167,0.07533390104842412,0.0784372408985523,0.3293767029499549,0.2181247195457612,0.21099299799765311,0.09694239340316597,-0.010607399797963732,0.45932700586099456,0.44572347255880784,0.03083519831613193,-0.03377933645663622,0.6962839718348047,-0.019388058011483165,-0.04412802676647645,0.1464709181567893,0.09281283203009948,0.12734776090191197,1.0
93,0.5103892201504375,0.3031794621101581,0.35337873373842715,0.3359954282181847,0.2824637096430876,0.26905480782320873,0.17300993757551025,0.5934372337911338,0.37197543897982466,0.45307144447736886,0.3877180557570357,0.43331798116208303,0.5035000428671466,0.4417487525861252,0.38187156109762577,0.3629410106096601,0.3362066255487463,0.2857145710998984,0.49938983484955185,0.44366164709462413,0.3769874909671892,0.38664994813572895,0.5879570463532732,0.3155575204578625,0.3484541808259406,0.3739973950074036,0.3821536153854007,0.5015246092699119,1.0
94,0.6587022730616403,0.33509706497728525,0.3527735454455478,0.3674032857069814,0.31408762493579045,0.2867157020586933,0.16656803937475248,0.33768347556317824,0.2800161326179049,0.31286057147598545,0.3536402369984636,0.2798191244418854,0.29175029053235074,0.44258190543598114,0.35956408713441307,0.40763753212229353,0.3342868524456813,0.28217506756505395,0.4537281918816984,0.4647078372594667,0.33657218483695617,0.31677422911818515,0.6243696531229592,0.3705785812412485,0.3884295138101262,0.37125426243897375,0.34546533517023353,0.42897160836743137,1.0
95,0.6175676115484404,0.36384686383503495,0.4335281302406605,0.4167562546210559,0.3336302233708866,0.33957223777336937,0.30062746471169005,0.42829967055869345,0.3862423611613573,0.30971723666847634,0.3614786793367766,0.38484313555181077,0.3980823811233813,0.549149715106311,0.34745771221203997,0.3874803613863276,0.4337706896517396,0.39554002189045767,0.49027923621981573,0.40561314049859554,0.30921408223077124,0.28380393361425593,0.7374750448098893,0.37293093558951224,0.3904943955612206,0.46313737006473904,0.4441681343365076,0.4728781526254866,1.0
96,0.6598230535654884,0.25202327883266573,0.3034461754351529,0.4759075814098427,0.2777344049372371,0.2604253872037656,0.1199880613055894,0.36569503346015975,0.2676691037055997,0.22364882103438327,0.2042378728239267,0.31911288685429107,0.3343540220587135,0.4054317738312062,0.26504531589464186,0.22152795759499566,0.3114996739508074,0.2551567236559102,0.46396375412860297,0.3180894182163752,0.23202448682520208,0.13950823179528876,0.39583827248892817,0.20037178507222414,0.18734005329987255,0.3717359551935035,0.3596065330767547,0.4532600777829417,1.0
97,0.4379817460958231,0.24064396871441057,0.24217333650075692,0.3615200265088794,0.18859249036721765,0.21516787350727912,0.15341157833139504,0.3601840165013847,0.31089631089348385,0.21738828505247235,0.059575953408053516,0.39502745608556145,0.33095447145046913,0.46859774792528575,0.29389258788854905,0.24396341926858814,0.4183941791607534,0.3431841860447504,0.38893872731918677,0.3157197180092862,0.2462778804186824,0.185848287363835,0.567957227716069,0.13189018615405376,0.14606494540689333,0.5055139636290213,0.4311855718087029,0.3987573628166154,1.0
98,0.44665085218579226,0.2268822039533515,0.2782793955906593,0.3974789928567071,0.3307996806144275,0.1636928025330751,0.1050396228531912,0.30470646482139696,0.17362209441253865,0.17675409503481546,0.23252629836486072,0.20599290436870957,0.23585770494361402,0.3636683405806917,0.30362955181909657,0.273566547440386,0.2002656815711401,0.1320830445217499,0.4860070552802177,0.3851071873650905,0.17043735812356836,0.09811884767265333,0.533294943962965,0.1679459961115955,0.15057316059728337,0.2358444289468359,0.2150856824596905,0.27090858159602343,1.0
99,0.3979119689702483,0.18779534665366007,0.27325223769903406,0.2344652142220863,0.19469198594003653,0.15915336342667283,0.09615207062753153,0.2589302843393884,0.22342071251968335,0.15272105589451776,0.18741545677857963,0.21006756911287583,0.22529354647045666,0.4285711560536077,0.2650671803179915,0.3132838370416594,0.2227282837076329,0.19449134505293048,0.29414320952275336,0.2699332231019018,0.1748336353679261,0.15027760249928693,0.4264438882819664,0.1902760463752551,0.21792172608669552,0.2787475313267496,0.24898300572277557,0.32924096528478997,1.0
100,0.8862116704769667,0.6646847129309733,0.7345153484046464,0.7411850055972377,0.8976019478421136,0.6560731645347264,0.5227205314638356,0.6529511568668293,0.6096666503003131,0.5914349477298454,0.7630688995011934,0.5895506670025973,0.5677076905959284,0.8155888240068605,0.6527048774647316,0.8261853344867813,0.6709798450651876,0.53603480625779,0.7653699961792685,0.9186103651282645,0.5622091012098351,0.5067362038736015,1.294633376627239,0.6867428907587695,0.6737799743904181,0.6464791361511492,0.528029183094541,0.5670179662398218,1.0
101,0.3780326102143832,0.14797550580300484,0.19352081683829608,0.24620791384012636,0.2831791694238324,0.046996832291362235,-0.0027423534402895677,0.15908661433191848,0.06976388631387832,0.09142834994479013,0.10039021368969074,0.02942918726157054,0.06832824261683086,0.3258483083971577,0.17759270235991523,0.22777584761731678,0.1664025934951579,0.0787386254409867,0.31304953260834295,0.3137216958139687,0.08106411660267086,0.04366188055398286,0.4605615864747649,0.11577393957196697,0.07568728756934635,0.2287737005749468,0.16387377391129948,0.19279479564589921,1.0
102,0.898568922508966,0.9544149905606485,0.881414814872109,0.6785416050563615,0.35911053856403763,0.8109827621051429,0.7888329801633261,1.1316445109048852,0.9271271212331468,0.6459853225309564,0.20232513836298924,0.8245945703881097,0.835652685206165,1.0924766644844603,0.8002375546635881,0.48051480395583035,1.0112563238726429,0.8467080558580962,0.6709954850254746,0.45329775839690056,0.770729018262063,0.6485639534104091,0.45866819996526126,0.48699137580799134,0.36967248115650303,0.9214234149594221,0.7860715147158184,0.7069785604524621,1.0
103,0.7910626320052769,0.5133810108998459,0.5330305743887095,0.6337331665961018,0.5039762988663595,0.4150784987046496,0.2842908414032446,0.5626005940742683,0.4086698709001815,0.4217369614946584,0.41788772948364794,0.42216516662658826,0.37409935273538797,0.6196110890871989,0.5604329345555648,0.5728893800591365,0.4272777200892495,0.29104481725622505,0.695927007852065,0.6249400731143895,0.4033350678067277,0.28035279789235534,0.7531055236306988,0.4224642983153491,0.3295487305958256,0.43704323975891385,0.35982067905422366,0.37478024083810657,1.0
104,0.4257853845095128,0.18705840323639034,0.17476998789956677,0.22633597596657312,0.2637976213565843,0.053894445135633066,0.01713857944302347,0.23231728942974975,0.11850703374516974,0.14175805305021752,0.20984700152360977,0.12786424880140715,0.17533205120891124,0.3490320252141465,0.2023040747549883,0.17427273406121646,0.1927610572004696,0.12766080308161815,0.2829455718911032,0.21066634872551543,0.12604379498602106,0.0941738613081134,0.42249707810159326,0.14477851949779616,0.17464270720045408,0.26732795416561156,0.2690248944640868,0.36658472015157384,1.0
105,0.5924109485499861,0.39558480840918,0.40666017216162736,0.5181930157361443,0.4690935434595519,0.3802503967219115,0.3367891969679413,0.4188262487684232,0.3672853343767338,0.38020879165832294,0.3550339694264114,0.39319440249826904,0.38026023571593787,0.567374251519804,0.36179114660318534,0.31833476253626364,0.43042706322983526,0.33994491157984574,0.6292854110336046,0.5514521304231224,0.36063199401849677,0.34152137329873744,0.675186375118481,0.31928613806986184,0.3164198153869999,0.4471677783427261,0.400350007624632,0.4152515460872799,1.0
106,0.5918705537122564,0.3370316812934099,0.3961975892172647,0.5315549585708346,0.31163663943077685,0.3096069009830795,0.22678382314921547,0.2810352275756394,0.258550648749912,0.32945444215290165,0.23847458128249657,0.24874593920456595,0.21592918585897025,0.37178871404079344,0.3744379335788692,0.2531801381821217,0.2925097177364823,0.20030935828065333,0.55931800705891,0.31960918777961916,0.31348634216325233,0.2515936121491389,0.2986553840685605,0.2586952959867765,0.21443870560621536,0.30410648952945807,0.22791307568354646,0.21004132372292586,1.0
107,0.7021553543895823,0.4514674153066439,0.5647925191466293,0.6651259806990467,0.5210857819826382,0.3876520876134425,0.3471513818831598,0.48230986371723295,0.3511835997939339,0.3713319916177274,0.24777758048344303,0.3920593784834325,0.394439216994143,0.7211369461159078,0.6987164299256026,0.7104309398054363,0.39616455066249856,0.34828127996312463,0.8755404593785503,0.8670502168363162,0.3950170640561184,0.3543203022839514,1.0778791806501118,0.32593630702711857,0.3107276937641666,0.40653266195428095,0.3824308371870947,0.4002179233851799,1.0
108,0.8061748475381749,0.37366145413014595,0.5671670590819465,0.645552845531555,0.5916284923796447,0.4108772008268359,0.21342971337850045,0.35111519213452,0.3472497492942842,0.35858069976005236,0.3984362181950593,0.3221120222986917,0.28782479905802383,0.6595794066786993,0.5193660518654138,0.5223948228103815,0.4020410526565548,0.24022202837963957,0.6429067310924933,0.5818888457679985,0.4088925356862526,0.2519874251934188,0.703880508498856,0.44735643665197083,0.34371585709484687,0.39506044999143425,0.3173124425911092,0.36329675710122006,1.0
109,0.5692284252534822,0.2836944495116497,0.3436115341843428,0.4115885718065217,0.3066662806849759,0.2227738795881624,0.14560408197787464,0.29112371928986125,0.2570380394972045,0.2511341500915111,0.2457052682029237,0.2646062365912333,0.24966430762925962,0.4379072011012825,0.323534772608203,0.31001250428945226,0.296877662977042,0.213837224279933,0.4679711602504856,0.4042929409190468,0.24662634483131501,0.20342949841816016,0.550599723065645,0.25136204038179966,0.2400650160257909,0.3386593561995718,0.29666679723167944,0.3488612156546385,1.0
110,0.8466005170654618,0.5051378391081189,0.5606646392506568,0.7412112271267008,0.5463846229761558,0.4509426155251366,0.301536058922091,0.4906663858700476,0.43247760373910976,0.5483851860964009,0.4816735835080248,0.42236392303758136,0.38578402208392587,0.5703053815937849,0.6088341366644934,0.5539410346355699,0.4878111482974183,0.3578261672378254,0.8036894204442769,0.671385052033718,0.5543300513407038,0.40200100375512815,0.742320021241057,0.5197163734430619,0.4416892183690474,0.5220072273068083,0.4131913818204375,0.42196945800937485,1.0
111,0.6145827286400246,0.3610768264559836,0.4270038689035566,0.46287510073402516,0.4272608008525805,0.31615864014500933,0.25103089310688653,0.5332808820465234,0.4832790058421403,0.3911173884707845,0.49707254904133674,0.5205626053179668,0.5473014176849057,0.6206934369072518,0.41645694939488354,0.505028859957168,0.5254852815910549,0.49304392852359147,0.4874673710794305,0.43875738776147905,0.34590461944299433,0.3197100305856225,0.6149202436121113,0.47765526027596944,0.480032281463688,0.6060317030446722,0.6049822465036089,0.6727424613565576,1.0
112,0.6650287116604539,0.38715056413579896,0.42549767301759006,0.5627197052179698,0.49963806962577895,0.369771883346298,0.27912685985443647,0.47423220132761806,0.4468779603090859,0.43451071619724496,0.4997000964460826,0.4598900921175864,0.4594040544109151,0.6591695988461603,0.5456100131452559,0.5442527455893216,0.5223479473430416,0.496396357346085,0.6662488451784595,0.5854736814288871,0.469856088168212,0.41196160017629546,0.7832614352875887,0.4963371212365218,0.4603920363817027,0.5404091567218562,0.5106404382590506,0.5499229008182037,1.0
113,0.8535159938827764,0.6262569989005138,0.6094877530008834,0.7164552149520338,0.5354027468765858,0.5410449681678613,0.5076653301678071,0.6503448749031238,0.6150751375051411,0.6357356820597914,0.6059749868159863,0.5985819444519629,0.6095788364585606,0.7117234857359189,0.627594065432277,0.6838098138356288,0.6260074990307968,0.6104000280561122,0.8064893994074498,0.6375906504146238,0.5923009556723361,0.5766217250141344,0.8633019562989964,0.642375478624074,0.659498342818821,0.6257089816458652,0.6070341019241264,0.6354199374199694,1.0
114,0.6200281058395581,0.18038017922296956,0.1890046459794063,0.4640332298267544,0.243904828551534,0.13938971609342463,-0.017594271056737283,0.2550578593063626,0.18185797686781086,0.17348828432429467,0.20941502336974352,0.18743704106793324,0.19799356315172245,0.3913385093100041,0.2079085822872517,0.2457790365482657,0.2342350266938058,0.19722811464688017,0.4665497827530062,0.3119342559560631,0.15613715484996427,0.03659712544379083,0.41956032427519446,0.18534958710395144,0.16872171535140834,0.23973011946206482,0.22590536378224949,0.3215028791463577,1.0
115,0.48549795546906965,0.08342772363730197,0.17013474975549253,0.2361135068173169,0.2294770726384569,0.08936360249327285,0.019764165166928256,0.21133588922821914,0.1353560195350303,0.07750325694671258,0.12759839512330567,0.15503913691908094,0.19462809235630488,0.36701684097249926,0.1585354372508942,0.17777041768149593,0.17752243254415162,0.13761780223991635,0.30921354496116815,0.2524000662548086,0.11623281631158261,0.08773377004587607,0.35428234505549366,0.12722534166399804,0.14121396788407603,0.23336513099208606,0.22098930205408027,0.28668209498270697,1.0
116,0.5967068011864253,0.20471657206283023,0.405415344155801,0.2593610957841033,0.2662411150978275,0.2164696220749024,0.06775010346569739,0.29340231883641915,0.20357038098809574,0.17149050509243904,0.08251415528851255,0.21844577572699284,0.22412964546412628,0.5338679278903005,0.2700727695748397,0.2841858394391865,0.2662825684586262,0.14235234212006487,0.3538356074427898,0.24955095475871655,0.13573705071421707,0.09016601855395684,0.46042806456485136,0.1044042250703949,0.06319675272656133,0.2869288615356326,0.23978230277496904,0.3076757967832681,1.0
117,0.5217479258961287,0.22653186846334658,0.37907667427421066,0.35173865755740324,0.38937886785912323,0.12336220458213046,0.06686113879318743,0.24826461101004435,0.21747108410842575,0.19027540213301472,0.20631349735947704,0.14477783773587266,0.16954536316953328,0.5077127628315365,0.32162297973094817,0.3817097266048272,0.2184781538815047,0.11688864355155969,0.4381183749695669,0.5251282555703326,0.17787227765988942,0.13861389576877894,0.8573172367424717,0.2245805258719242,0.1734432473956611,0.217099739160514,0.1839491575038529,0.2483086953459593,1.0
118,0.5849230895785931,0.25097341252477795,0.4458937813307037,0.4677714929406636,0.4558989708042872,0.27035372096340204,0.16108398250662376,0.25386265838720495,0.19720497752352253,0.24387898065697083,0.22050140882606606,0.21533471922653108,0.23111576958806795,0.5672911415430448,0.44386333153995466,0.45827320965132495,0.35655974257650663,0.21148387247704914,0.6025949347046491,0.590855563799209,0.36168909204116334,0.26214416571279026,0.7614217285941094,0.3326210959322069,0.24006486150911688,0.37014119134206225,0.3021601933178349,0.3367052418356518,1.0
119,0.801348864288506,0.43576131119295186,0.6103316391748066,0.6204980208311481,0.5272059717055715,0.4490537537940951,0.3791775166751858,0.53808162367463,0.5205766968699382,0.4965939717480313,0.4566053596139761,0.5034004763712174,0.5315173091909525,0.7684212494163424,0.6407873077193975,0.5988320678926438,0.6047128909595398,0.5369697886054481,0.7065146799496513,0.639460999227656,0.5261062914835358,0.49438303928185295,0.7925838787571521,0.4782596177774266,0.48178172145528647,0.5991450323683792,0.5804223492610621,0.6322568475756836,1.0
120,0.33670829354861975,0.2086589770866282,0.19894093022223794,0.23798640582567301,0.23387106067576752,0.2060406689448481,0.14133074315003638,0.23349063358390582,0.1404521908279653,0.16747916173960556,0.20464505956160553,0.20016493489106055,0.17562238982502218,0.38739963426049384,0.23977248413496427,0.3089051466012841,0.1859502020470378,0.17655717892128867,0.3801892839767953,0.36515542397344813,0.15562656858692564,0.18583492579440208,0.6018926494734919,0.20058643673339716,0.2474965266595799,0.29177887559848403,0.21402100212441078,0.22749535248317013,1.0
121,0.614372381170247,0.4348627966053424,0.4950732953463883,0.5459293690069619,0.478981578709278,0.3676178454633193,0.3297754700078549,0.584691220362799,0.5480203331589563,0.35368840632925025,0.5095617610643736,0.5409246879565341,0.5376012627888127,0.7532582466782308,0.44633482138828773,0.6236978695644342,0.6299655147467257,0.5820181587872305,0.6182543302361959,0.4805370402027719,0.31643281500186576,0.2748817771593463,0.631446927337728,0.5394619921816132,0.5143443510002065,0.6329002860839046,0.6063375923126068,0.6187716967454365,1.0
122,0.5943923657975143,0.34776037495002343,0.4492319472875647,0.4606854290662066,0.3628465353161118,0.3454877148756278,0.29279016828841137,0.35594684171858115,0.30085750810373496,0.3051402040049531,0.27436751447735036,0.33014436630292615,0.3282227515501968,0.5371632848228601,0.4491544664876022,0.4825234889956616,0.3884262610685384,0.30890503174302814,0.5644482607792511,0.5503318758913138,0.3385052996971884,0.31130989227877837,0.7742761921306918,0.32990843018513066,0.31967346068248703,0.4308068301543919,0.38690500560890423,0.41388309646666877,1.0
123,0.8627068906503913,0.6737572656424501,0.7542869146237656,0.7441158776853947,0.7911895550989211,0.6084526417402927,0.5522042637866005,0.663850183126199,0.6421582175974746,0.6156124650224071,0.7470067894764829,0.5889466147176033,0.5969428038581257,0.8061360532253393,0.6798806866492232,0.7927303515299794,0.6158964480437598,0.5805460006550823,0.7337243979810967,0.7716363467873842,0.5951292531848036,0.5454033592043556,1.0353664137430434,0.6846219441005994,0.6805834058457498,0.5804222522785016,0.5634655433067747,0.604176132976573,1.0
124,0.4797037490675077,0.2226614083099016,0.32118486338691815,0.38838184385150387,0.3003294300902368,0.19851874973394318,0.11360901857362181,0.26719218861343474,0.18331642814690222,0.19594774280370325,0.23056363928509632,0.18487202898826646,0.20922951748538537,0.3936782309307911,0.34381809471191954,0.34514942222072625,0.19296895288690138,0.1360703194847331,0.46084820441823027,0.42700927190261334,0.2013732726972699,0.13910453541477003,0.5844206361167745,0.21028875652656498,0.2062232204033125,0.1936734382544925,0.16817182976590095,0.2400639919686446,1.0
125,0.7245778968453491,0.4897671715225915,0.5235965336171108,0.6729684925696426,0.4855739126506583,0.4367279724798215,0.38227991659645705,0.5549060394693514,0.521010524812029,0.5105160760198449,0.5200868248836487,0.502462235082089,0.47947565710836887,0.6248024927100605,0.5868924849944747,0.5516583471648444,0.5173438366811131,0.4718321690963884,0.7650637143403806,0.6274918198310089,0.47445844383465513,0.42858188315502554,0.8023671078156289,0.49916867183583014,0.5026441825408874,0.5120092883781462,0.47136171072895866,0.470988723292187,1.0
126,0.5484069163916306,0.35321236446906606,0.3699989667975389,0.36216573814099917,0.42467213007680404,0.2467790653733503,0.2531180201401932,0.3608090002934865,0.31984345442516565,0.31433175853684436,0.3797507062070387,0.24430258963641166,0.299873991143578,0.4602776792656849,0.3106354177303105,0.3955792787554871,0.294804556777042,0.2763458291518549,0.38818527108519096,0.435449675656741,0.22342720217300133,0.2545292489640397,0.7468575709328297,0.26566960230777775,0.32840219241966134,0.2307272665756908,0.22604213184844357,0.318301625304316,1.0
127,0.49891721534651645,0.28885769340784734,0.2810546056595624,0.4362628258337231,0.42214011194117745,0.245961712400332,0.16509345515956272,0.3239687073857461,0.21876989064158409,0.26177086376463005,0.32898502397348517,0.26924766348911044,0.2286849264765664,0.3004459884085863,0.27309766964440557,0.2775869538442045,0.22697717333240072,0.1759033229278596,0.5950885255832262,0.4255981221680242,0.3187555928058844,0.19905576793481233,0.6636002113606685,0.3277217168077946,0.26568407752097944,0.3307932169504694,0.2557905097295554,0.24726391256467486,1.0
128,0.7315529456393016,0.346553718531951,0.49716782576536106,0.5625950142638177,0.5077696990588079,0.3775171080694659,0.2419826819073821,0.388435546108251,0.27422925447501967,0.23526746504521193,0.27964426839476303,0.32006443391885164,0.3288677762358106,0.6113508059230108,0.47905097074723146,0.5366129803418398,0.3623126162291877,0.22781897658838954,0.6194129223092394,0.5762447438960234,0.30667992035450165,0.17883489421086515,0.7957068510456049,0.31556427637451046,0.19777092192071738,0.37791533553042916,0.3130844681775463,0.34613069951026154,1.0
129,0.590515104482777,0.3264600217123727,0.2582829100104104,0.38722129244347725,0.26325964806954616,0.1920137972061702,0.18287457616526412,0.37354749792382597,0.2959299519964817,0.26296381963285875,0.33974376008817553,0.28830983050733344,0.30773715847518146,0.43535071662982516,0.2078594418035075,0.3203737315797634,0.30360271312540527,0.28392297930898647,0.440966083409674,0.38086798621912443,0.1790231919548227,0.18251771368157274,0.7002632682138841,0.2448846684761321,0.3041754924562675,0.31734021723761385,0.29503598895903393,0.3114734006137168,1.0
130,0.724762671940895,0.3027293727637883,0.3766489344162824,0.5150785588260216,0.3311178166560006,0.2214084530180472,0.1308436477378978,0.30688698968761857,0.285759229731269,0.30940856460867805,0.26573771240316657,0.261391443810686,0.24162420771564008,0.4017920538063365,0.3724355309911857,0.34067464220930266,0.2784276811560788,0.23741732637444227,0.53624308588018,0.4412316816598051,0.26050329929107574,0.20822433580323033,0.5889936433252191,0.26122458000606474,0.26049545551065545,0.3074713850757192,0.27473264201140096,0.2917397223064717,1.0
131,0.6403942244767334,0.3694727665753905,0.4067086826913647,0.43846012187494904,0.3594181558414812,0.32893880647569834,0.228613623003855,0.36068141189298053,0.31608084624035415,0.2369774017729588,0.24671478738632763,0.3054787677054729,0.2756601038160936,0.4348974549812489,0.3164885974354426,0.3215525577748256,0.32415858821870724,0.2402405511866722,0.4986062635867977,0.4378829942545788,0.2326731199923826,0.14320049280145,0.6282551659422342,0.22795075138516566,0.17870732473400358,0.32793780260672434,0.2661197756026018,0.2708642497459126,1.0
132,0.5548481785593132,0.3682440218399885,0.4348205380696237,0.5087421916915158,0.4477776276109777,0.37653243266616426,0.2977165944684473,0.4668574707198144,0.37119834474973323,0.40853774449662633,0.42639658959140864,0.4484154493192018,0.4468799412826509,0.5523832016899966,0.46456469742355316,0.4537234701200354,0.44418829867311327,0.3389164921662497,0.585239270081749,0.5427489427037827,0.4207137758203016,0.35753965157953976,0.6775528412173374,0.44943355430637727,0.41387798545528437,0.5043657439378647,0.4592957061584937,0.4898045106468931,1.0
133,0.4510444242735342,0.34174994522936497,0.3162638000748994,0.36760837100113547,0.44200542092610257,0.3133241595631081,0.28782494160877753,0.40107156802316174,0.36109991766579175,0.35710382519529255,0.3894847575329346,0.36960192047956786,0.3736224352472257,0.4414257250118415,0.35105540230566673,0.3451842610607049,0.34617237040055965,0.3153669072702556,0.41690178158302466,0.40864054823640555,0.33142732793662755,0.3214297379136324,0.6027782241363604,0.3717908496866587,0.39887733976287726,0.3771630250102652,0.3670466470479533,0.4149604622397253,1.0
134,0.5358944915193179,0.44182195718188194,0.4966685021069715,0.45435153627795644,0.5739776713212139,0.41550207424932856,0.40517214319480976,0.41188263127745267,0.42991991389039935,0.3731621008851275,0.46740251605654665,0.38885221507550005,0.38088389682001816,0.5737344245446182,0.41411853318597974,0.5367191121320328,0.47871637288675634,0.43512958494461057,0.4951421881519859,0.48072128996143204,0.36829986399810266,0.33163252062240595,0.6585331136545648,0.45066017670095065,0.4434830209275944,0.4548307271578464,0.4014893578651833,0.40645011038952095,1.0
135,0.7998541701799117,0.6365290091156643,0.7574990074558632,0.7455172998773757,0.7366289387040983,0.6101302232199851,0.5587258897664796,0.6242345769996689,0.6078135981204258,0.5954095169368618,0.6848710111791168,0.561777323964062,0.5768994764660652,0.9504593572481046,0.7356981229503784,0.7733224073634586,0.6821003393265941,0.6061612168210866,0.7710210109872616,0.7439283369637915,0.611282269565069,0.5447280151872016,0.9897778887919833,0.6657771172358748,0.6683215539834348,0.6137758755271006,0.5754973668868846,0.6186591247896552,1.0
136,0.6612854886870749,0.43538104335029926,0.48356014223177446,0.5905249632231717,0.5308112514419265,0.40812906486772005,0.38118805937482286,0.48690321714153084,0.43214184185592436,0.4510508329660548,0.49686566979621216,0.42068805147941823,0.4692111284403101,0.6532564796247833,0.514873339618657,0.5915602281742975,0.4313481320488044,0.3989682995205986,0.6666972708739758,0.591774353429174,0.4363029519178985,0.43939650883468406,0.8368123042872718,0.4265216755191358,0.4655075708384329,0.4298417015484967,0.44066707099153973,0.5325628699830813,1.0
137,0.8453037921203475,0.5283927874532295,0.6812452148110486,0.7665069505126144,0.7390205660948139,0.4852099346143417,0.43063067242164915,0.501081191181201,0.5012325706371029,0.5672454823057261,0.5362904956680786,0.4455314731387607,0.44757344818635114,0.7215782352843212,0.7323584569702326,0.6430674108088352,0.530555661515933,0.4449605727655786,0.8672095818581356,0.764094737476285,0.5776759043008429,0.5155787133458466,0.8773481764554453,0.49407630361873245,0.4627114831101029,0.5121189507024818,0.4624304323197245,0.4857090861680937,1.0
138,1.135130247946702,0.7504565291865914,0.8063731614073851,0.9840891771863743,1.0161060384574514,0.7146902147412149,0.5740589477647807,0.6315539363051579,0.6481616253560049,0.7043556981922899,0.7624172787055932,0.5693732822496738,0.5145148303949176,0.8167636598518903,0.7850985021425134,0.8917235660908253,0.625561338394159,0.5464174294121226,0.9953219212029407,1.0623672304211915,0.6714338170466565,0.5444872986082171,1.3649927913814415,0.6743999048949482,0.6024466563844819,0.6123750061325944,0.5051237112537488,0.48046131085555444,1.0
139,0.4928126051284186,0.2209685272827841,0.30951041825857795,0.26912917799126806,0.18277569408658859,0.2061628947946741,0.12049146180190393,0.27851636983113354,0.15268355903218342,0.133810679072566,0.1291742641370554,0.17741735305775125,0.17740683359167103,0.4576176045035998,0.298168130534574,0.3289237039836483,0.22394072510420374,0.10278735710800048,0.3669375393375729,0.34765675388518946,0.15715159980178844,0.07381171696189602,0.6067180355781572,0.11835647002567717,0.06392092196950208,0.20980090537496704,0.15407752577489445,0.20052144036987393,1.0
140,0.698044052227094,0.491253957683703,0.5749023667803995,0.6758779394522919,0.5741701785484357,0.48266347230544215,0.3544161895515977,0.4865248609979335,0.4508743916839192,0.4983362538266852,0.4704689848660779,0.42867743910761497,0.38141421182449603,0.6025320241543644,0.5930690652465509,0.5221057009301089,0.46990748942696486,0.34616630227084977,0.715582152977962,0.5995519948213912,0.48847557725847307,0.36803935010842787,0.6569477577779419,0.4353176289879418,0.3569956421697339,0.4436316744369815,0.36520536168255946,0.35498454716576994,1.0
